ST,STATE,ST_ABBR,STCNTY,COUNTY,FIPS,LOCATION,AREA_SQMI,EPL_POV150,EPL_UNEMP,EPL_HBURD,EPL_NOHSDP,EPL_UNINSUR,SPL_THEME1,RPL_THEME1,EPL_AGE65,EPL_AGE17,EPL_DISABL,EPL_SNGPNT,EPL_LIMENG,SPL_THEME2,RPL_THEME2,EPL_MINRTY,SPL_THEME3,RPL_THEME3,EPL_MUNIT,EPL_MOBILE,EPL_CROWD,EPL_NOVEH,EPL_GROUPQ,SPL_THEME4,RPL_THEME4,SPL_THEMES,RPL_THEMES
18,Indiana,IN,18001,Adams County,18001,"Adams County, Indiana",338.926315161674,0.735,0.2017,0.3446,0.6736,0.9682,2.9231,0.6411,0.1718,0.9841,0.1177,0.1499,0.5861,2.0096,0.2055,0.1654,0.1654,0.1654,0.6914,0.0939,0.8412,0.9812,0.4003,3.008,0.7569,8.1061,0.5355
18,Indiana,IN,18003,Allen County,18003,"Allen County, Indiana",657.183998368982,0.4095,0.518,0.4874,0.454,0.4556,2.3245,0.4426,0.1473,0.8781,0.1925,0.7601,0.7865,2.7645,0.699,0.6468,0.6468,0.6468,0.8549,0.1308,0.4712,0.5959,0.3299,2.3827,0.4435,8.1185,0.5374
18,Indiana,IN,18005,Bartholomew County,18005,"Bartholomew County, Indiana",406.939485169822,0.3261,0.2752,0.2479,0.314,0.245,1.4082,0.167,0.2272,0.7639,0.3662,0.5304,0.6367,2.5244,0.5492,0.5415,0.5415,0.5415,0.8514,0.2584,0.3608,0.5177,0.2119,2.2002,0.3484,6.6743,0.287
18,Indiana,IN,18007,Benton County,18007,"Benton County, Indiana",406.417319666716,0.6825,0.2924,0.3121,0.5632,0.2883,2.1385,0.3738,0.3003,0.8406,0.706,0.7935,0.5536,3.194,0.9074,0.2587,0.2587,0.2587,0.2141,0.1728,0.5759,0.1693,0.252,1.3841,0.0678,6.9753,0.3369
18,Indiana,IN,18009,Blackford County,18009,"Blackford County, Indiana",165.081541775412,0.7932,0.6583,0.7506,0.4276,0.3856,3.0153,0.6748,0.693,0.5014,0.8699,0.5304,0.0,2.5947,0.5972,0.0675,0.0675,0.0675,0.5641,0.2902,0.1193,0.909,0.2119,2.0945,0.2975,7.772,0.4801
18,Indiana,IN,18011,Boone County,18011,"Boone County, Indiana",422.882081539326,0.0239,0.1864,0.1861,0.0633,0.1085,0.5682,0.0251,0.0993,0.8918,0.0449,0.5711,0.4776,2.0847,0.2526,0.3446,0.3446,0.3446,0.8062,0.1254,0.0948,0.0458,0.1091,1.1813,0.0366,4.1788,0.0331
18,Indiana,IN,18013,Brown County,18013,"Brown County, Indiana",311.9873465727,0.1861,0.3296,0.4079,0.2125,0.434,1.5701,0.2055,0.8915,0.0729,0.5479,0.3223,0.377,2.2116,0.3261,0.0544,0.0544,0.0544,0.6188,0.2638,0.8311,0.1833,0.1091,2.0061,0.2542,5.8422,0.1712
18,Indiana,IN,18015,Carroll County,18015,"Carroll County, Indiana",372.22449411582,0.209,0.1864,0.0605,0.4375,0.6885,1.5819,0.2097,0.5873,0.4846,0.4391,0.1871,0.315,2.0131,0.2084,0.1753,0.1753,0.1753,0.321,0.3563,0.2765,0.2345,0.0538,1.2421,0.0458,5.0124,0.0821
18,Indiana,IN,18017,Cass County,18017,"Cass County, Indiana",412.143961750698,0.6052,0.3853,0.217,0.7264,0.4219,2.3558,0.4528,0.3684,0.5997,0.4489,0.7706,0.8571,3.0447,0.8479,0.5797,0.5797,0.5797,0.4038,0.2736,0.4712,0.5177,0.6195,2.2858,0.3961,8.266,0.5587
18,Indiana,IN,18019,Clark County,18019,"Clark County, Indiana",372.490937700592,0.2304,0.2924,0.5361,0.419,0.3073,1.7852,0.2654,0.2189,0.5138,0.3843,0.5912,0.6367,2.3449,0.4171,0.504,0.504,0.504,0.8244,0.2475,0.5087,0.3551,0.252,2.1877,0.3411,6.8218,0.3093
18,Indiana,IN,18021,Clay County,18021,"Clay County, Indiana",357.600194762566,0.3077,0.4038,0.1193,0.3452,0.1343,1.3103,0.1444,0.3793,0.6707,0.6134,0.6408,0.0856,2.3898,0.4496,0.0675,0.0675,0.0675,0.3509,0.4744,0.636,0.1537,0.462,2.077,0.2873,5.8446,0.1718
18,Indiana,IN,18023,Clinton County,18023,"Clinton County, Indiana",405.0670213584,0.3112,0.2393,0.3207,0.6564,0.4827,2.0103,0.335,0.2272,0.936,0.1177,0.4279,0.874,2.5828,0.587,0.5202,0.5202,0.5202,0.5845,0.1626,0.3198,0.3939,0.4321,1.8929,0.2094,7.0062,0.3443
18,Indiana,IN,18025,Crawford County,18025,"Crawford County, Indiana",305.613167032988,0.861,0.2752,0.5504,0.7264,0.3586,2.7716,0.5899,0.566,0.4413,0.7114,0.0305,0.0856,1.8348,0.1247,0.0407,0.0407,0.0407,0.1594,0.9351,0.4311,0.4868,0.1798,2.1922,0.3449,6.8393,0.3124
18,Indiana,IN,18027,Daviess County,18027,"Daviess County, Indiana",429.514084550558,0.3904,0.0585,0.209,0.958,0.9815,2.5974,0.5304,0.1775,0.9695,0.3347,0.1012,0.7534,2.3363,0.4136,0.328,0.328,0.328,0.6774,0.3799,0.8982,0.979,0.4321,3.3666,0.9077,8.6283,0.6239
18,Indiana,IN,18029,Dearborn County,18029,"Dearborn County, Indiana",305.086702670214,0.1028,0.0732,0.1922,0.3738,0.1562,0.8982,0.0662,0.3793,0.5138,0.3261,0.4486,0.1661,1.8339,0.1241,0.0337,0.0337,0.0337,0.6984,0.1556,0.0948,0.3061,0.1403,1.3952,0.071,4.161,0.0312
18,Indiana,IN,18031,Decatur County,18031,"Decatur County, Indiana",372.56763068526,0.1861,0.1864,0.1352,0.3633,0.0671,0.9381,0.0725,0.3096,0.7375,0.1925,0.0907,0.0,1.3303,0.0229,0.1094,0.1094,0.1094,0.6535,0.2179,0.0404,0.099,0.3675,1.3783,0.0659,3.7561,0.0159
18,Indiana,IN,18033,DeKalb County,18033,"DeKalb County, Indiana",362.832388833818,0.1861,0.4038,0.1394,0.3452,0.3303,1.4048,0.1667,0.244,0.7964,0.259,0.5552,0.1661,2.0207,0.2138,0.0821,0.0821,0.0821,0.5845,0.4626,0.4311,0.4295,0.1798,2.0875,0.2934,5.5951,0.1384
18,Indiana,IN,18035,Delaware County,18035,"Delaware County, Indiana",392.109291133538,0.8209,0.7544,0.7763,0.4031,0.4034,3.1581,0.7226,0.3003,0.1129,0.706,0.7337,0.1661,2.019,0.2116,0.413,0.413,0.413,0.8215,0.2281,0.3608,0.7948,0.8753,3.0805,0.7903,8.6706,0.6309
18,Indiana,IN,18037,Dubois County,18037,"Dubois County, Indiana",427.26678982872,0.1381,0.0585,0.1489,0.4683,0.1085,0.9223,0.0697,0.3427,0.8034,0.0948,0.4486,0.7197,2.4092,0.461,0.335,0.335,0.335,0.7031,0.2234,0.2393,0.412,0.5393,2.1171,0.3067,5.7836,0.1619
18,Indiana,IN,18039,Elkhart County,18039,"Elkhart County, Indiana",463.160329052276,0.4537,0.3115,0.678,0.8562,0.8635,3.1629,0.7245,0.1518,0.9488,0.2179,0.7935,0.7973,2.9093,0.7852,0.6287,0.6287,0.6287,0.8244,0.4228,0.685,0.8451,0.3675,3.1448,0.819,9.8457,0.8132
18,Indiana,IN,18041,Fayette County,18041,"Fayette County, Indiana",215.020812682854,0.7378,0.4537,0.7197,0.7512,0.4219,3.0843,0.7022,0.6052,0.4846,0.9017,0.7337,0.315,3.0402,0.8454,0.1037,0.1037,0.1037,0.6351,0.2953,0.2765,0.7948,0.4321,2.4338,0.4703,8.662,0.6293
18,Indiana,IN,18043,Floyd County,18043,"Floyd County, Indiana",148.455044477716,0.1359,0.3296,0.3446,0.2593,0.1893,1.2587,0.1333,0.2517,0.5616,0.3159,0.7706,0.4349,2.3347,0.412,0.3888,0.3888,0.3888,0.8167,0.1451,0.0722,0.5562,0.4321,2.0223,0.2641,6.0045,0.1915
18,Indiana,IN,18045,Fountain County,18045,"Fountain County, Indiana",395.667421836578,0.3439,0.5921,0.4244,0.5402,0.4827,2.3833,0.4629,0.5453,0.4413,0.6742,0.8422,0.315,2.818,0.7318,0.0821,0.0821,0.0821,0.1406,0.5278,0.3198,0.3551,0.0875,1.4308,0.0795,6.7142,0.2924
18,Indiana,IN,18047,Franklin County,18047,"Franklin County, Indiana",384.425655541172,0.1359,0.0732,0.0605,0.5002,0.2564,1.0262,0.0872,0.4871,0.616,0.3007,0.0907,0.5536,2.0481,0.2335,0.015,0.015,0.015,0.3659,0.5962,0.5087,0.7346,0.0875,2.2929,0.3996,5.3822,0.1199
18,Indiana,IN,18049,Fulton County,18049,"Fulton County, Indiana",368.392787751864,0.4776,0.8616,0.2994,0.6414,0.6822,2.9622,0.6577,0.5453,0.7375,0.5227,0.3624,0.4776,2.6455,0.6293,0.2854,0.2854,0.2854,0.4038,0.5587,0.6083,0.5959,0.0875,2.2542,0.3802,8.1473,0.5415
18,Indiana,IN,18051,Gibson County,18051,"Gibson County, Indiana",487.377693987002,0.2396,0.1457,0.1683,0.4085,0.1343,1.0964,0.0986,0.3096,0.7639,0.4989,0.3029,0.377,2.2523,0.3548,0.2536,0.2536,0.2536,0.6774,0.4744,0.7537,0.2345,0.5765,2.7165,0.616,6.3188,0.2342
18,Indiana,IN,18053,Grant County,18053,"Grant County, Indiana",414.08838532237,0.7012,0.8731,0.5504,0.5632,0.3856,3.0735,0.6965,0.4677,0.3659,0.7938,0.7601,0.315,2.7025,0.6666,0.4537,0.4537,0.4537,0.6694,0.2953,0.5759,0.8123,0.9084,3.2613,0.8683,9.491,0.7649
18,Indiana,IN,18055,Greene County,18055,"Greene County, Indiana",542.467114221206,0.5807,0.8231,0.5177,0.5835,0.434,2.939,0.6491,0.5348,0.4127,0.8218,0.3843,0.377,2.5306,0.5514,0.0299,0.0299,0.0299,0.1785,0.7722,0.8221,0.6083,0.1798,2.5609,0.5332,8.0604,0.5275
18,Indiana,IN,18057,Hamilton County,18057,"Hamilton County, Indiana",394.38065043473,0.0048,0.1365,0.1352,0.0073,0.0837,0.3675,0.0064,0.0636,0.9112,0.0121,0.4693,0.6612,2.1174,0.2682,0.5081,0.5081,0.5081,0.8514,0.057,0.1479,0.0515,0.0388,1.1466,0.034,4.1396,0.0302
18,Indiana,IN,18059,Hancock County,18059,"Hancock County, Indiana",305.956980053132,0.0239,0.1365,0.2689,0.1756,0.2367,0.8416,0.0598,0.2838,0.6564,0.2179,0.2412,0.377,1.7763,0.1085,0.2781,0.2781,0.2781,0.5921,0.0754,0.0948,0.1187,0.1091,0.9901,0.0178,3.8861,0.0185
18,Indiana,IN,18061,Harrison County,18061,"Harrison County, Indiana",484.105371428442,0.1304,0.3115,0.0293,0.447,0.2367,1.1549,0.1117,0.3926,0.531,0.5301,0.1012,0.1661,1.721,0.09,0.0544,0.0544,0.0544,0.5425,0.6306,0.5087,0.3939,0.1798,2.2555,0.3815,5.1858,0.1009
18,Indiana,IN,18063,Hendricks County,18063,"Hendricks County, Indiana",406.893372235758,0.0165,0.105,0.1584,0.1572,0.2367,0.6738,0.0334,0.1145,0.8174,0.0414,0.5304,0.6367,2.1404,0.2819,0.5148,0.5148,0.5148,0.7859,0.0614,0.3933,0.0888,0.4321,1.7615,0.168,5.0905,0.0904
18,Indiana,IN,18065,Henry County,18065,"Henry County, Indiana",391.877285916656,0.4435,0.4537,0.4413,0.3738,0.3191,2.0314,0.3414,0.4801,0.2902,0.7868,0.4693,0.1661,2.1925,0.3121,0.1696,0.1696,0.1696,0.5533,0.2234,0.4311,0.3217,0.8699,2.3994,0.4521,6.7929,0.3045
18,Indiana,IN,18067,Howard County,18067,"Howard County, Indiana",293.074052071444,0.4321,0.7082,0.4324,0.3528,0.3398,2.2653,0.4193,0.5049,0.616,0.6341,0.805,0.2475,2.8075,0.7238,0.4604,0.4604,0.4604,0.7986,0.1508,0.1479,0.6723,0.2943,2.0639,0.28,7.5971,0.4505
18,Indiana,IN,18069,Huntington County,18069,"Huntington County, Indiana",382.651370518514,0.3958,0.2393,0.2641,0.2389,0.3191,1.4572,0.1766,0.3427,0.4263,0.3764,0.3843,0.4776,2.0073,0.2052,0.1152,0.1152,0.1152,0.5746,0.2119,0.3198,0.1413,0.7321,1.9797,0.2428,5.5594,0.1362
18,Indiana,IN,18071,Jackson County,18071,"Jackson County, Indiana",509.977601581634,0.4267,0.1365,0.4015,0.461,0.5138,1.9395,0.3134,0.244,0.7639,0.4082,0.3411,0.8361,2.5933,0.5956,0.4057,0.4057,0.4057,0.6984,0.5068,0.5087,0.5689,0.4003,2.6831,0.5972,7.6216,0.4556
18,Indiana,IN,18073,Jasper County,18073,"Jasper County, Indiana",559.6794630025,0.1155,0.3668,0.2243,0.2125,0.1562,1.0753,0.0939,0.3598,0.6564,0.49,0.4486,0.4349,2.3897,0.4489,0.342,0.342,0.342,0.496,0.1626,0.1193,0.1088,0.4916,1.3783,0.0659,5.1853,0.1005
18,Indiana,IN,18075,Jay County,18075,"Jay County, Indiana",383.905127496648,0.6109,0.4267,0.4413,0.6319,0.6185,2.7293,0.5762,0.3684,0.8864,0.6535,0.3411,0.315,2.5644,0.5749,0.0881,0.0881,0.0881,0.4038,0.3296,0.3933,0.909,0.252,2.2877,0.3964,7.6695,0.4626
18,Indiana,IN,18077,Jefferson County,18077,"Jefferson County, Indiana",360.698132808418,0.4149,0.2393,0.6844,0.6071,0.4397,2.3854,0.4633,0.4155,0.2698,0.7696,0.7337,0.315,2.5036,0.531,0.2062,0.2062,0.2062,0.6535,0.5765,0.7362,0.4868,0.8489,3.3019,0.8848,8.3971,0.5832
18,Indiana,IN,18079,Jennings County,18079,"Jennings County, Indiana",376.59706644715,0.4095,0.5603,0.2641,0.5501,0.6125,2.3965,0.4645,0.2517,0.6564,0.763,0.4693,0.315,2.4554,0.497,0.0932,0.0932,0.0932,0.0923,0.7722,0.783,0.2208,0.252,2.1203,0.308,7.0654,0.3573
18,Indiana,IN,18081,Johnson County,18081,"Johnson County, Indiana",320.414751683276,0.083,0.2393,0.4788,0.2389,0.2768,1.3168,0.1451,0.1575,0.8034,0.0948,0.3624,0.518,1.9361,0.1645,0.3977,0.3977,0.3977,0.8215,0.1129,0.2393,0.1301,0.3675,1.6713,0.1387,5.3219,0.1117
18,Indiana,IN,18083,Knox County,18083,"Knox County, Indiana",515.830427204644,0.4368,0.2017,0.2689,0.5304,0.447,1.8848,0.2953,0.3684,0.4006,0.6421,0.833,0.6834,2.9275,0.7938,0.265,0.265,0.265,0.7226,0.3153,0.2027,0.7203,0.8266,2.7875,0.6561,7.8648,0.497
18,Indiana,IN,18085,Kosciusko County,18085,"Kosciusko County, Indiana",531.445982438782,0.2055,0.2208,0.2479,0.6141,0.6538,1.9421,0.314,0.3096,0.7245,0.3007,0.5552,0.6834,2.5734,0.5797,0.3917,0.3917,0.3917,0.5845,0.4865,0.3933,0.4295,0.462,2.3558,0.4311,7.263,0.3926
18,Indiana,IN,18087,LaGrange County,18087,"LaGrange County, Indiana",379.63064862554,0.0398,0.2017,0.0369,0.9987,1.0,2.2771,0.4251,0.092,0.9885,0.0948,0.3843,0.874,2.4336,0.4782,0.1152,0.1152,0.1152,0.1594,0.4025,0.8412,0.994,0.0694,2.4665,0.4862,7.2924,0.3961
18,Indiana,IN,18089,Lake County,18089,"Lake County, Indiana",498.87916638728,0.497,0.8231,0.7639,0.447,0.3497,2.8807,0.6258,0.2838,0.6847,0.2762,0.9042,0.7534,2.9023,0.7824,0.8549,0.8549,0.8549,0.839,0.057,0.5759,0.7881,0.1798,2.4398,0.4731,9.0777,0.7031
18,Indiana,IN,18091,LaPorte County,18091,"LaPorte County, Indiana",598.286378818888,0.49,0.5603,0.4607,0.4683,0.3073,2.2866,0.4295,0.4155,0.4006,0.3662,0.7817,0.377,2.341,0.4155,0.5667,0.5667,0.5667,0.7356,0.1976,0.4311,0.4868,0.8632,2.7143,0.615,7.9086,0.5046
18,Indiana,IN,18093,Lawrence County,18093,"Lawrence County, Indiana",449.145705992632,0.3439,0.2208,0.2555,0.5304,0.3856,1.7362,0.2529,0.566,0.4006,0.6974,0.4693,0.1661,2.2994,0.3866,0.0757,0.0757,0.0757,0.5845,0.5107,0.636,0.5829,0.3299,2.644,0.574,6.7553,0.2981
18,Indiana,IN,18095,Madison County,18095,"Madison County, Indiana",451.92088322989,0.497,0.6583,0.6157,0.4683,0.447,2.6863,0.5619,0.4155,0.4263,0.7938,0.7493,0.315,2.6999,0.6643,0.4636,0.4636,0.4636,0.5845,0.2902,0.3198,0.6723,0.7636,2.6304,0.5689,8.4802,0.5985
18,Indiana,IN,18097,Marion County,18097,"Marion County, Indiana",396.55921745616,0.6325,0.6583,0.952,0.6414,0.5861,3.4703,0.8132,0.0535,0.8269,0.2905,0.8597,0.8692,2.8998,0.7814,0.8565,0.8565,0.8565,0.9294,0.0662,0.5415,0.8336,0.3675,2.7382,0.6287,9.9648,0.826
18,Indiana,IN,18099,Marshall County,18099,"Marshall County, Indiana",443.61960914847,0.3904,0.1718,0.3121,0.7184,0.8043,2.397,0.4648,0.3684,0.8346,0.2097,0.2603,0.7369,2.4099,0.4617,0.3939,0.3939,0.3939,0.5746,0.3761,0.4311,0.6083,0.4003,2.3904,0.4473,7.5912,0.4493
18,Indiana,IN,18101,Martin County,18101,"Martin County, Indiana",335.76036872344,0.3621,0.0585,0.1238,0.5501,0.4219,1.5164,0.1909,0.5784,0.5014,0.5781,0.1734,0.0,1.8313,0.1228,0.0675,0.0675,0.0675,0.2494,0.721,0.8221,0.2068,0.3675,2.3668,0.4365,5.782,0.1613
18,Indiana,IN,18103,Miami County,18103,"Miami County, Indiana",373.842085433308,0.5272,0.4537,0.293,0.6685,0.5727,2.5151,0.5021,0.3331,0.3659,0.4989,0.6258,0.2475,2.0712,0.2479,0.3748,0.3748,0.3748,0.3373,0.4744,0.0948,0.5358,0.8552,2.2975,0.4038,7.2586,0.3904
18,Indiana,IN,18105,Monroe County,18105,"Monroe County, Indiana",394.52168384278,0.6863,0.7082,0.9695,0.0773,0.245,2.6863,0.5619,0.0881,0.0375,0.104,0.2412,0.518,0.9888,0.0076,0.4779,0.4779,0.4779,0.9609,0.2685,0.3608,0.7792,0.9411,3.3105,0.8877,7.4635,0.4302
18,Indiana,IN,18107,Montgomery County,18107,"Montgomery County, Indiana",504.646996674316,0.4722,0.3509,0.3735,0.5243,0.4827,2.2036,0.3948,0.3926,0.6312,0.5062,0.5552,0.5861,2.6713,0.6475,0.2816,0.2816,0.2816,0.6351,0.3296,0.2393,0.5689,0.6901,2.463,0.4846,7.6195,0.455
18,Indiana,IN,18109,Morgan County,18109,"Morgan County, Indiana",403.832906933414,0.1094,0.3509,0.1973,0.5002,0.1893,1.3471,0.1521,0.3003,0.531,0.4187,0.5304,0.1661,1.9465,0.1712,0.0675,0.0675,0.0675,0.4423,0.2902,0.2027,0.1187,0.252,1.3059,0.0566,4.667,0.0538
18,Indiana,IN,18111,Newton County,18111,"Newton County, Indiana",401.754508284354,0.3019,0.9583,0.5177,0.6564,0.2663,2.7006,0.566,0.5135,0.3659,0.6742,0.7493,0.518,2.8209,0.7331,0.3388,0.3388,0.3388,0.1254,0.3563,0.0948,0.1301,0.3299,1.0365,0.0226,6.8968,0.3229
18,Indiana,IN,18113,Noble County,18113,"Noble County, Indiana",410.845631613276,0.181,0.2393,0.203,0.825,0.7165,2.1648,0.3828,0.2272,0.7964,0.3261,0.4486,0.7865,2.5848,0.5883,0.4085,0.4085,0.4085,0.6694,0.3983,0.7019,0.8937,0.3299,2.9932,0.7502,8.1513,0.5418
18,Indiana,IN,18115,Ohio County,18115,"Ohio County, Indiana",86.149713000048,0.1686,0.0538,0.2326,0.2294,0.3398,1.0242,0.0869,0.7525,0.2902,0.6265,0.6538,0.0,2.323,0.4031,0.0579,0.0579,0.0579,0.6841,0.5278,0.7165,0.412,0.1091,2.4495,0.4785,5.8546,0.1734
18,Indiana,IN,18117,Orange County,18117,"Orange County, Indiana",398.37840652752,0.5651,0.1718,0.4528,0.7464,0.4397,2.3758,0.4601,0.5558,0.5997,0.7989,0.8937,0.1661,3.0142,0.8384,0.1339,0.1339,0.1339,0.4804,0.7362,0.7165,0.5959,0.3299,2.8589,0.692,8.3828,0.5791
18,Indiana,IN,18119,Owen County,18119,"Owen County, Indiana",385.294684270222,0.5272,0.5921,0.3207,0.6885,0.5927,2.7212,0.574,0.6144,0.2902,0.7989,0.1871,0.0856,1.9762,0.188,0.0299,0.0299,0.0299,0.1594,0.7455,0.4712,0.099,0.1403,1.6154,0.1241,6.3427,0.238
18,Indiana,IN,18121,Parke County,18121,"Parke County, Indiana",444.720883249846,0.6446,0.6777,0.1543,0.7464,0.8654,3.0884,0.7038,0.5784,0.5014,0.4989,0.1499,0.315,2.0436,0.2307,0.0757,0.0757,0.0757,0.3659,0.6892,0.7537,0.8336,0.882,3.5244,0.9472,8.7321,0.6424
18,Indiana,IN,18123,Perry County,18123,"Perry County, Indiana",381.739962075638,0.2545,0.5787,0.1922,0.3633,0.1893,1.578,0.2084,0.4356,0.3761,0.4187,0.1871,0.0856,1.5031,0.0426,0.1457,0.1457,0.1457,0.8031,0.5711,0.7973,0.5829,0.8921,3.6465,0.9682,6.8733,0.3182
18,Indiana,IN,18125,Pike County,18125,"Pike County, Indiana",334.350464760568,0.3328,0.2752,0.048,0.4276,0.0474,1.131,0.1056,0.6542,0.4127,0.399,0.0407,0.0,1.5066,0.0436,0.0264,0.0264,0.0264,0.3373,0.5743,0.3198,0.1833,0.4321,1.8468,0.1944,4.5108,0.0465
18,Indiana,IN,18127,Porter County,18127,"Porter County, Indiana",418.112830329808,0.126,0.3853,0.4941,0.1279,0.1893,1.3226,0.1473,0.293,0.4413,0.1254,0.5103,0.4349,1.8049,0.1152,0.5148,0.5148,0.5148,0.7226,0.2475,0.2393,0.2068,0.5145,1.9307,0.2218,5.573,0.1374
18,Indiana,IN,18129,Posey County,18129,"Posey County, Indiana",409.384788055238,0.126,0.1457,0.203,0.1422,0.055,0.6719,0.0331,0.5453,0.4846,0.1763,0.3029,0.0,1.5091,0.0439,0.0525,0.0525,0.0525,0.4655,0.3296,0.0557,0.2708,0.1798,1.3014,0.0547,3.5349,0.0092
18,Indiana,IN,18131,Pulaski County,18131,"Pulaski County, Indiana",433.674710050008,0.4435,0.3115,0.4874,0.5959,0.4397,2.278,0.4257,0.636,0.4413,0.6624,0.6538,0.1661,2.5596,0.5711,0.1753,0.1753,0.1753,0.4302,0.6414,0.1724,0.7203,0.252,2.2163,0.3573,7.2292,0.3866
18,Indiana,IN,18133,Putnam County,18133,"Putnam County, Indiana",480.53709937027,0.209,0.1457,0.2994,0.3888,0.118,1.1609,0.1129,0.2759,0.237,0.3764,0.3029,0.377,1.5692,0.0554,0.2364,0.2364,0.2364,0.5062,0.3761,0.636,0.2345,0.9583,2.7111,0.6134,5.6776,0.1502
18,Indiana,IN,18135,Randolph County,18135,"Randolph County, Indiana",452.379023368846,0.49,0.6777,0.2243,0.4683,0.434,2.2943,0.4321,0.5953,0.6452,0.839,0.6736,0.377,3.1301,0.881,0.2164,0.2164,0.2164,0.4423,0.3863,0.636,0.5177,0.3299,2.3122,0.4101,7.953,0.5113
18,Indiana,IN,18137,Ripley County,18137,"Ripley County, Indiana",446.427138644512,0.1228,0.2208,0.3735,0.4085,0.4219,1.5475,0.2017,0.4038,0.7117,0.3077,0.4279,0.0856,1.9367,0.1654,0.0544,0.0544,0.0544,0.6694,0.4228,0.6624,0.3939,0.4321,2.5806,0.5447,6.1192,0.2062
18,Indiana,IN,18139,Rush County,18139,"Rush County, Indiana",408.136552721806,0.5848,0.7795,0.4324,0.5078,0.434,2.7385,0.5791,0.4273,0.5444,0.5953,0.1123,0.2475,1.9268,0.1604,0.0525,0.0525,0.0525,0.6351,0.1728,0.1479,0.2879,0.2119,1.4556,0.0843,6.1734,0.2125
18,Indiana,IN,18141,St. Joseph County,18141,"St. Joseph County, Indiana",457.780759847624,0.5119,0.518,0.7289,0.3888,0.412,2.5596,0.5167,0.2189,0.6707,0.2832,0.7238,0.6131,2.5097,0.5358,0.6567,0.6567,0.6567,0.8759,0.0662,0.4311,0.6949,0.7859,2.854,0.6882,8.58,0.6134
18,Indiana,IN,18143,Scott County,18143,"Scott County, Indiana",190.40244066652,0.6602,0.518,0.7556,0.8686,0.2039,3.0063,0.6723,0.2838,0.531,0.9157,0.6538,0.0856,2.4699,0.5052,0.0983,0.0983,0.0983,0.5921,0.6857,0.8116,0.3217,0.4003,2.8114,0.6662,8.3859,0.5807
18,Indiana,IN,18145,Shelby County,18145,"Shelby County, Indiana",411.136234758494,0.3328,0.2208,0.4413,0.5304,0.2564,1.7817,0.2641,0.3258,0.5721,0.4082,0.3411,0.5861,2.2333,0.3427,0.2364,0.2364,0.2364,0.7031,0.2529,0.5415,0.503,0.4003,2.4008,0.4528,6.6522,0.2832
18,Indiana,IN,18147,Spencer County,18147,"Spencer County, Indiana",396.887676744172,0.2132,0.2208,0.1683,0.2488,0.0474,0.8985,0.0665,0.5784,0.4534,0.2832,0.2065,0.2475,1.769,0.1063,0.1037,0.1037,0.1037,0.3509,0.4846,0.1193,0.2208,0.3299,1.5055,0.097,4.2767,0.0369
18,Indiana,IN,18149,Starke County,18149,"Starke County, Indiana",309.144080247742,0.5889,0.3509,0.4168,0.7553,0.2883,2.4002,0.4658,0.447,0.6312,0.7251,0.2603,0.315,2.3786,0.4413,0.2109,0.2109,0.2109,0.3853,0.4298,0.3198,0.503,0.0229,1.6608,0.1355,6.6505,0.2829
18,Indiana,IN,18151,Steuben County,18151,"Steuben County, Indiana",308.780092625894,0.1995,0.8546,0.1285,0.2294,0.245,1.657,0.2297,0.6624,0.2507,0.3347,0.0611,0.2475,1.5564,0.0538,0.1753,0.1753,0.1753,0.4655,0.5765,0.1724,0.4454,0.7496,2.4094,0.4582,5.7981,0.1651
18,Indiana,IN,18153,Sullivan County,18153,"Sullivan County, Indiana",447.195656528718,0.6774,0.5603,0.1861,0.5402,0.5415,2.5055,0.4992,0.3793,0.2507,0.6624,0.8527,0.377,2.5221,0.5476,0.2536,0.2536,0.2536,0.496,0.5657,0.7019,0.3751,0.9364,3.0751,0.7887,8.3563,0.574
18,Indiana,IN,18155,Switzerland County,18155,"Switzerland County, Indiana",220.667425088684,0.5603,0.4267,0.2994,0.8282,0.7996,2.9142,0.6379,0.3598,0.7964,0.8521,0.4486,0.377,2.8339,0.7432,0.0757,0.0757,0.0757,0.4038,0.6977,0.6083,0.7073,0.1798,2.5969,0.5514,8.4207,0.5886
18,Indiana,IN,18157,Tippecanoe County,18157,"Tippecanoe County, Indiana",498.89740584576,0.727,0.2752,0.9672,0.2934,0.2768,2.5396,0.5107,0.0302,0.2781,0.0385,0.4693,0.7197,1.5358,0.0477,0.6211,0.6211,0.6211,0.9609,0.1451,0.3608,0.8568,0.9185,3.2421,0.8594,7.9386,0.5087
18,Indiana,IN,18159,Tipton County,18159,"Tipton County, Indiana",260.5407029552,0.2396,0.3115,0.0325,0.3958,0.5065,1.4859,0.1849,0.693,0.3331,0.3007,0.2787,0.0,1.6055,0.0617,0.0821,0.0821,0.0821,0.1254,0.1976,0.3933,0.0134,0.4003,1.13,0.0325,4.3035,0.0382
18,Indiana,IN,18161,Union County,18161,"Union County, Indiana",161.190045200144,0.1651,0.5787,0.2641,0.5501,0.3948,1.9528,0.3169,0.5873,0.3213,0.3764,0.5304,0.1661,1.9815,0.1903,0.0757,0.0757,0.0757,0.1969,0.4709,0.0251,0.2708,0.1091,1.0728,0.0267,5.0828,0.0897
18,Indiana,IN,18163,Vanderburgh County,18163,"Vanderburgh County, Indiana",233.401106114476,0.5062,0.4954,0.8358,0.3633,0.434,2.6347,0.5415,0.3258,0.4263,0.4699,0.7935,0.377,2.3925,0.4518,0.4948,0.4948,0.4948,0.8842,0.1199,0.2027,0.8206,0.7254,2.7528,0.636,8.2748,0.5612
18,Indiana,IN,18165,Vermillion County,18165,"Vermillion County, Indiana",256.89412786702,0.5924,0.8855,0.287,0.2488,0.1343,2.148,0.3777,0.5558,0.4696,0.7327,0.8597,0.2475,2.8653,0.7626,0.0264,0.0264,0.0264,0.3659,0.434,0.8412,0.2491,0.3299,2.2201,0.3598,7.2598,0.391
18,Indiana,IN,18167,Vigo County,18167,"Vigo County, Indiana",403.63113504754,0.79,0.7544,0.9141,0.419,0.4556,3.3331,0.776,0.258,0.2994,0.5781,0.6898,0.377,2.2023,0.3185,0.434,0.434,0.434,0.8062,0.1059,0.7362,0.7346,0.882,3.2649,0.8711,9.2343,0.7286
18,Indiana,IN,18169,Wabash County,18169,"Wabash County, Indiana",412.538823246772,0.3872,0.2568,0.1145,0.3452,0.3586,1.4623,0.1775,0.6755,0.3548,0.4489,0.5103,0.0,1.9895,0.1947,0.1276,0.1276,0.1276,0.4423,0.2339,0.2393,0.3217,0.8451,2.0823,0.2905,5.6617,0.147
18,Indiana,IN,18171,Warren County,18171,"Warren County, Indiana",364.690303549676,0.209,0.1864,0.069,0.2389,0.1798,0.8831,0.0646,0.6459,0.4696,0.6892,0.0811,0.0856,1.9714,0.1849,0.0544,0.0544,0.0544,0.1088,0.2281,0.636,0.1088,0.1798,1.2615,0.0477,4.1704,0.0315
18,Indiana,IN,18173,Warrick County,18173,"Warrick County, Indiana",384.842951493956,0.0239,0.2208,0.0738,0.0678,0.0293,0.4156,0.0099,0.3793,0.6962,0.1763,0.3843,0.377,2.0131,0.2084,0.2587,0.2587,0.2587,0.6004,0.1836,0.1724,0.0363,0.252,1.2447,0.0465,3.9321,0.0194
18,Indiana,IN,18175,Washington County,18175,"Washington County, Indiana",513.688300489974,0.5762,0.3853,0.2479,0.6319,0.5336,2.3749,0.4594,0.3427,0.5997,0.5692,0.8231,0.0856,2.4203,0.4696,0.0229,0.0229,0.0229,0.2316,0.7455,0.3933,0.6083,0.1798,2.1585,0.3268,6.9766,0.3382
18,Indiana,IN,18177,Wayne County,18177,"Wayne County, Indiana",401.754293611642,0.6538,0.4537,0.7385,0.6017,0.6395,3.0872,0.7035,0.4801,0.5616,0.6892,0.8527,0.6131,3.1967,0.9084,0.377,0.377,0.377,0.7458,0.1476,0.2765,0.8282,0.741,2.7391,0.63,9.4,0.7515
18,Indiana,IN,18179,Wells County,18179,"Wells County, Indiana",368.086974118356,0.1228,0.105,0.1861,0.1756,0.2883,0.8778,0.064,0.3793,0.8174,0.2097,0.3223,0.4349,2.1636,0.293,0.1457,0.1457,0.1457,0.3853,0.3528,0.0722,0.1413,0.5145,1.4661,0.0878,4.6532,0.0531
18,Indiana,IN,18181,White County,18181,"White County, Indiana",505.138749308984,0.1731,0.4267,0.3388,0.4375,0.4827,1.8588,0.2851,0.5953,0.6707,0.399,0.2065,0.7369,2.6084,0.6058,0.3484,0.3484,0.3484,0.4655,0.5304,0.1724,0.0697,0.1798,1.4178,0.0773,6.2334,0.2221
18,Indiana,IN,18183,Whitley County,18183,"Whitley County, Indiana",335.568903058252,0.126,0.3509,0.1238,0.314,0.4642,1.3789,0.1588,0.3793,0.6564,0.3077,0.5711,0.0856,2.0001,0.2014,0.1339,0.1339,0.1339,0.5921,0.2736,0.1479,0.2068,0.1798,1.4002,0.0732,4.9131,0.0735
